{
  "timestamp": "2025-03-23T03:00:00.470225",
  "index_value": 7.7548829509261665,
  "interpretation": "Slight job creation from AI",
  "components": {
    "news_events": {
      "score": 25.630769230769232,
      "weight": 0.35,
      "weighted_score": 8.97076923076923,
      "details": {
        "count": 26,
        "event_counts": {
          "layoff": 9,
          "hiring": 17,
          "restructuring": 0,
          "reskilling": 0
        },
        "ai_relation_counts": {
          "Direct": 13,
          "Indirect": 4,
          "None": 9
        },
        "top_positive_companies": [
          [
            "Unknown",
            32.72
          ],
          [
            "Intel",
            0.24000000000000002
          ],
          [
            "Meta",
            0.2
          ],
          [
            "India",
            0.1
          ],
          [
            "Google",
            0.1
          ]
        ],
        "top_negative_companies": [
          [
            "Big",
            -0.12
          ],
          [
            "Tesla",
            -0.020000000000000004
          ]
        ]
      }
    },
    "research_trends": {
      "score": 1.3157894736842053,
      "weight": 0.1,
      "weighted_score": 0.13157894736842055,
      "details": {
        "paper_count": 150,
        "positive_sentiment": 50.6578947368421
      }
    },
    "employment_stats": {
      "score": 19.217187106706046,
      "weight": 0.3,
      "weighted_score": 5.765156132011813,
      "details": {
        "avg_weighted_change": 0.7686874842682418,
        "growing_industries": [
          [
            "Education and Health Services",
            3.5202682109113077
          ],
          [
            "Construction",
            2.0429009193054135
          ],
          [
            "Other Services",
            1.6357130686658716
          ],
          [
            "Government",
            1.5497935027887768
          ],
          [
            "Leisure and Hospitality",
            1.532638371804418
          ],
          [
            "Total Nonfarm",
            1.2666098316101202
          ],
          [
            "Financial Activities",
            1.0334212840809147
          ],
          [
            "Trade, Transportation, and Utilities",
            0.9508827128124453
          ]
        ],
        "declining_industries": [
          [
            "Manufacturing",
            -0.6953125
          ],
          [
            "Mining and Logging",
            -0.6420545746388443
          ],
          [
            "Professional and Business Services",
            -0.35727045373347627
          ],
          [
            "Information",
            -0.27220142905750255
          ]
        ]
      }
    },
    "job_trends": {
      "score": -28.45048543689319,
      "weight": 0.25,
      "weighted_score": -7.112621359223297,
      "details": {
        "ai_job_growth_rate": -59.70873786407766,
        "avg_emerging_role_growth": 54.0,
        "current_posting_count": 166,
        "previous_posting_count": 412
      }
    }
  },
  "news_events": [
    {
      "date": "2025-03-19T14:50:06Z",
      "source": "TheWrap",
      "title": "Video Game Workers Launch Union in Partnership With Communications Workers of America",
      "company": "Unknown",
      "event_type": "hiring",
      "count": 10500,
      "ai_relation": "None",
      "url": "https://www.thewrap.com/video-game-union-communications-workers-of-america/"
    },
    {
      "date": "2025-03-19T11:35:30Z",
      "source": "TechCrunch",
      "title": "A comprehensive list of 2025 tech layoffs | TechCrunch",
      "company": "Big",
      "event_type": "layoff",
      "count": 100,
      "ai_relation": "Indirect",
      "url": "https://techcrunch.com/2025/03/19/tech-layoffs-2025-list/"
    },
    {
      "date": "2025-03-19T07:00:34Z",
      "source": "Livemint",
      "title": "Bengaluru\u2019s real estate market faces strain amid IT layoffs and AI push; Reddit user asks, \u2018Who\u2019s left to buy?\u2019",
      "company": "Unknown",
      "event_type": "hiring",
      "count": 100,
      "ai_relation": "Direct",
      "url": "https://www.livemint.com/money/personal-finance/bengalurus-real-estate-market-faces-strain-amid-it-layoffs-and-ai-push-reddit-user-asks-who-s-left-to-buy-11742363708670.html"
    },
    {
      "date": "2025-03-18T04:06:00Z",
      "source": "Food Safety News",
      "title": "Food safety leaders express concerns about recent cuts in FDA workforce",
      "company": "Unknown",
      "event_type": "layoff",
      "count": 100,
      "ai_relation": "None",
      "url": "https://www.foodsafetynews.com/2025/03/food-safety-leaders-express-concerns-about-recent-cuts-in-fda-workforce/"
    },
    {
      "date": "2025-03-16T22:56:00Z",
      "source": "Bangkok Post",
      "title": "Developing the future workforce",
      "company": "Unknown",
      "event_type": "hiring",
      "count": 100,
      "ai_relation": "None",
      "url": "https://www.bangkokpost.com/business/general/2981471/developing-the-future-workforce"
    },
    {
      "date": "2025-03-16T11:59:17Z",
      "source": "Seangoedecke.com",
      "title": "The good times in tech are over",
      "company": "Unknown",
      "event_type": "layoff",
      "count": 100,
      "ai_relation": "Indirect",
      "url": "https://www.seangoedecke.com/good-times-are-over/"
    },
    {
      "date": "2025-03-15T15:17:14Z",
      "source": "CNBC",
      "title": "Y Combinator startups are fastest growing, most profitable in fund history because of AI",
      "company": "Intel",
      "event_type": "hiring",
      "count": 100,
      "ai_relation": "Direct",
      "url": "https://www.cnbc.com/2025/03/15/y-combinator-startups-are-fastest-growing-in-fund-history-because-of-ai.html"
    },
    {
      "date": "2025-03-13T09:30:00Z",
      "source": "Forbes",
      "title": "DOGE And High-Tech \u2013 Is The Hate Against Elon Musk Justified?",
      "company": "Unknown",
      "event_type": "layoff",
      "count": 100,
      "ai_relation": "Direct",
      "url": "https://www.forbes.com/sites/emilsayegh/2025/03/13/doge-and-high-tech--is-the-hate-against-elon-musk-justified/"
    },
    {
      "date": "2025-03-13T08:00:02Z",
      "source": "Business Insider",
      "title": "'Klarnageddon': Employees in limbo as fintech startup preps for IPO",
      "company": "Unknown",
      "event_type": "layoff",
      "count": 100,
      "ai_relation": "Direct",
      "url": "https://www.businessinsider.com/klarna-ipo-employees-in-limbo-2025-3"
    },
    {
      "date": "2025-03-12T23:46:52Z",
      "source": "SiliconANGLE News",
      "title": "Intel finally gets a new CEO in Lip-Bu Tan",
      "company": "Intel",
      "event_type": "hiring",
      "count": 100,
      "ai_relation": "None",
      "url": "https://siliconangle.com/2025/03/12/intel-finally-gets-new-ceo-lip-bu-tan/"
    },
    {
      "date": "2025-03-12T23:46:52Z",
      "source": "SiliconANGLE News",
      "title": "Intel finally gets a new CEO: industry veteran Lip-Bu Tan",
      "company": "Intel",
      "event_type": "hiring",
      "count": 100,
      "ai_relation": "None",
      "url": "https://siliconangle.com/2025/03/12/intel-finally-gets-new-ceo-industry-veteran-lip-bu-tan/"
    },
    {
      "date": "2025-03-12T18:29:12Z",
      "source": "TechCrunch",
      "title": "A comprehensive list of 2025 tech layoffs | TechCrunch",
      "company": "Big",
      "event_type": "layoff",
      "count": 100,
      "ai_relation": "Indirect",
      "url": "https://techcrunch.com/2025/03/12/tech-layoffs-2025-list/"
    },
    {
      "date": "2025-03-12T14:15:00Z",
      "source": "Forbes",
      "title": "Why You Should Upskill In 2025",
      "company": "Unknown",
      "event_type": "hiring",
      "count": 100,
      "ai_relation": "None",