{
  "timestamp": "2025-03-11T04:17:39.982103",
  "index_value": 35.3636791761787,
  "interpretation": "Moderate job creation from AI",
  "components": {
    "news_events": {
      "score": 10.0,
      "weight": 0.35,
      "weighted_score": 3.5,
      "details": {
        "count": 2,
        "event_counts": {
          "layoff": 1,
          "hiring": 1,
          "restructuring": 0,
          "reskilling": 0
        },
        "ai_relation_counts": {
          "Direct": 2,
          "Indirect": 0,
          "None": 0
        },
        "top_positive_companies": [
          [
            "Google",
            2.5
          ]
        ],
        "top_negative_companies": [
          [
            "Amazon",
            -1.5
          ]
        ]
      }
    },
    "research_trends": {
      "score": 7.00636942675159,
      "weight": 0.1,
      "weighted_score": 0.7006369426751591,
      "details": {
        "paper_count": 150,
        "positive_sentiment": 53.503184713375795
      }
    },
    "employment_stats": {
      "score": 20.54347411167847,
      "weight": 0.3,
      "weighted_score": 6.163042233503541,
      "details": {
        "avg_weighted_change": 0.8217389644671388,
        "growing_industries": [
          [
            "Education and Health Services",
            3.5202682109113077
          ],
          [
            "Construction",
            2.0429009193054135
          ],
          [
            "Other Services",
            1.6357130686658716
          ],
          [
            "Government",
            1.5497935027887768
          ],
          [
            "Leisure and Hospitality",
            1.532638371804418
          ],
          [
            "Total Nonfarm",
            1.2666098316101202
          ],
          [
            "Financial Activities",
            1.0334212840809147
          ],
          [
            "Trade, Transportation, and Utilities",
            0.9508827128124453
          ]
        ],
        "declining_industries": [
          [
            "Manufacturing",
            -0.6953125
          ],
          [
            "Mining and Logging",
            -0.6420545746388443
          ],
          [
            "Professional and Business Services",
            -0.35727045373347627
          ],
          [
            "Information",
            -0.27220142905750255
          ]
        ]
      }
    },
    "job_trends": {
      "score": 100.0,
      "weight": 0.25,
      "weighted_score": 25.0,
      "details": {
        "ai_job_growth_rate": 402.18446601941747,
        "avg_emerging_role_growth": 54.0,
        "current_posting_count": 2069,
        "previous_posting_count": 412
      }
    }
  },
  "news_events": [
    {
      "date": "2025-03-11T04:17:39.869664",
      "source": "Tech News Daily",
      "title": "Google Announces AI Transformation Initiative",
      "company": "Google",
      "event_type": "hiring",
      "count": 2500,
      "ai_relation": "Direct",
      "url": "https://example.com/news/google-ai"
    },
    {
      "date": "2025-03-11T04:17:39.869671",
      "source": "Business Weekly",
      "title": "Retail Giant Implements Large-Scale Automation",
      "company": "Amazon",
      "event_type": "layoff",
      "count": 1500,
      "ai_relation": "Direct",
      "url": "https://example.com/news/retail-automation"
    }
  ],
  "meta": {
    "component_weights": {
      "news_events": 0.35,
      "research_trends": 0.1,
      "employment_stats": 0.3,
      "job_trends": 0.25
    },
    "data_sources": {
      "news_events": "workforce_events_20250311.json",
      "research_trends": "research_trends_20250311.json",
      "employment_stats": "employment_stats_20250311.json",
      "job_trends": "job_trends_20250311.json"
    }
  }
}