{
  "timestamp": "2025-05-03T02:54:21.971769",
  "index_value": 24.53176096392267,
  "interpretation": "Moderate job creation from AI",
  "components": {
    "news_events": {
      "score": 10.0,
      "weight": 0.35,
      "weighted_score": 3.5,
      "details": {
        "count": 2,
        "event_counts": {
          "layoff": 1,
          "hiring": 1,
          "restructuring": 0,
          "reskilling": 0
        },
        "ai_relation_counts": {
          "Direct": 2,
          "Indirect": 0,
          "None": 0
        },
        "top_positive_companies": [
          [
            "Google",
            2.5
          ]
        ],
        "top_negative_companies": [
          [
            "Amazon",
            -1.5
          ]
        ]
      }
    },
    "research_trends": {
      "score": -1.1363636363636402,
      "weight": 0.1,
      "weighted_score": -0.11363636363636404,
      "details": {
        "paper_count": 150,
        "positive_sentiment": 49.43181818181818
      }
    },
    "employment_stats": {
      "score": 17.921773799485752,
      "weight": 0.3,
      "weighted_score": 5.376532139845725,
      "details": {
        "avg_weighted_change": 0.7168709519794301,
        "growing_industries": [
          [
            "Education and Health Services",
            3.382903848336928
          ],
          [
            "Construction",
            1.6936580541476078
          ],
          [
            "Other Services",
            1.3124684502776376
          ],
          [
            "Leisure and Hospitality",
            1.3040865384615385
          ],
          [
            "Government",
            1.2905136667512906
          ],
          [
            "Total Nonfarm",
            1.1928505189344378
          ],
          [
            "Financial Activities",
            1.1542266681323514
          ],
          [
            "Trade, Transportation, and Utilities",
            0.903824678950307
          ]
        ],
        "declining_industries": [
          [
            "Manufacturing",
            -0.6640106241699867
          ],
          [
            "Mining and Logging",
            -0.641025641025641
          ],
          [
            "Information",
            -0.408997955010225
          ],
          [
            "Professional and Business Services",
            -0.07081839507812154
          ]
        ]
      }
    },
    "job_trends": {
      "score": 63.07546075085323,
      "weight": 0.25,
      "weighted_score": 15.768865187713308,
      "details": {
        "augmentation_rate": 58.59999999999999,
        "automation_rate": 41.4,
        "automation_augmentation_ratio": 0.7064846416382254,
        "top_augmented_roles_count": 10,
        "top_automated_roles_count": 10,
        "source": "Anthropic Economic Index",
        "is_simulated_data": false
      }
    }
  },
  "news_events": [
    {
      "date": "2025-05-03T02:54:21.850676",
      "source": "Tech News Daily",
      "title": "Google Announces AI Transformation Initiative",
      "company": "Google",
      "event_type": "hiring",
      "count": 2500,
      "ai_relation": "Direct",
      "url": "https://example.com/news/google-ai"
    },
    {
      "date": "2025-05-03T02:54:21.850681",
      "source": "Business Weekly",
      "title": "Retail Giant Implements Large-Scale Automation",
      "company": "Amazon",
      "event_type": "layoff",
      "count": 1500,
      "ai_relation": "Direct",
      "url": "https://example.com/news/retail-automation"
    }
  ],
  "notes": [
    "Note: Using fallback Anthropic data due to unavailability of data for 2025-04"
  ],
  "methodology": {
    "component_weights": {
      "news_events": 0.35,
      "research_trends": 0.1,
      "employment_stats": 0.3,
      "job_trends": 0.25
    },
    "industry_weights": {
      "Information": 2.0,
      "Professional and Business Services": 1.5,
      "Financial Activities": 1.2,
      "Education and Health Services": 1.0,
      "Manufacturing": 1.0,
      "Trade, Transportation, and Utilities": 0.8,
      "Construction": 0.5,
      "Leisure and Hospitality": 0.5,
      "Mining and Logging": 0.4,
      "Other Services": 0.6,
      "Government": 0.7,
      "Total Nonfarm": 1.0
    },
    "data_sources": {
      "news_events": "workforce_events_202504.json",
      "research_trends": "research_trends_202504.json",
      "employment_stats": "employment_stats_202504.json",
      "job_trends": "job_trends_202504.json"
    },
    "actual_data_periods": {}
  }
}