{
  "timestamp": "2025-03-11T04:41:51.344233",
  "index_value": 32.5636791761787,
  "interpretation": "Moderate job creation from AI",
  "components": {
    "news_events": {
      "score": 2.0000000000000004,
      "weight": 0.35,
      "weighted_score": 0.7000000000000001,
      "details": {
        "count": 3,
        "event_counts": {
          "layoff": 0,
          "hiring": 3,
          "restructuring": 0,
          "reskilling": 0
        },
        "ai_relation_counts": {
          "Direct": 3,
          "Indirect": 0,
          "None": 0
        },
        "top_positive_companies": [
          [
            "Meta",
            0.1
          ],
          [
            "India",
            0.1
          ],
          [
            "Google",
            0.1
          ]
        ],
        "top_negative_companies": []
      }
    },
    "research_trends": {
      "score": 7.00636942675159,
      "weight": 0.1,
      "weighted_score": 0.7006369426751591,
      "details": {
        "paper_count": 150,
        "positive_sentiment": 53.503184713375795
      }
    },
    "employment_stats": {
      "score": 20.54347411167847,
      "weight": 0.3,
      "weighted_score": 6.163042233503541,
      "details": {
        "avg_weighted_change": 0.8217389644671388,
        "growing_industries": [
          [
            "Education and Health Services",
            3.5202682109113077
          ],
          [
            "Construction",
            2.0429009193054135
          ],
          [
            "Other Services",
            1.6357130686658716
          ],
          [
            "Government",
            1.5497935027887768
          ],
          [
            "Leisure and Hospitality",
            1.532638371804418
          ],
          [
            "Total Nonfarm",
            1.2666098316101202
          ],
          [
            "Financial Activities",
            1.0334212840809147
          ],
          [
            "Trade, Transportation, and Utilities",
            0.9508827128124453
          ]
        ],
        "declining_industries": [
          [
            "Manufacturing",
            -0.6953125
          ],
          [
            "Mining and Logging",
            -0.6420545746388443
          ],
          [
            "Professional and Business Services",
            -0.35727045373347627
          ],
          [
            "Information",
            -0.27220142905750255
          ]
        ]
      }
    },
    "job_trends": {
      "score": 100.0,
      "weight": 0.25,
      "weighted_score": 25.0,
      "details": {
        "ai_job_growth_rate": 402.18446601941747,
        "avg_emerging_role_growth": 54.0,
        "current_posting_count": 2069,
        "previous_posting_count": 412
      }
    }
  },
  "news_events": [
    {
      "date": "2025-03-07T19:40:22Z",
      "source": "New York Post",
      "title": "Meta keeps secret \u2018do not rehire\u2019 list of ex-employees \u2014 despite exceptional performance reviews: report",
      "company": "Meta",
      "event_type": "hiring",
      "count": 100,
      "ai_relation": "Direct",
      "url": "https://nypost.com/2025/03/07/business/meta-keeps-a-secret-do-not-rehire-list-of-ex-employees-report/"
    },
    {
      "date": "2025-03-06T17:49:04Z",
      "source": "The Times of India",
      "title": "India Inc's attrition rates hit lowest point since 2020 amid hiring slowdown",
      "company": "India",
      "event_type": "hiring",
      "count": 100,
      "ai_relation": "Direct",
      "url": "https://economictimes.indiatimes.com/jobs/mid-career/india-incs-attrition-rates-hit-lowest-point-since-2020-amid-hiring-slowdown/articleshow/118767184.cms"
    },
    {
      "date": "2025-03-06T17:21:43Z",
      "source": "Business Insider",
      "title": "Software engineers at Google, Microsoft, and more share their best tips for landing a coding job in tech",
      "company": "Google",
      "event_type": "hiring",
      "count": 100,
      "ai_relation": "Direct",
      "url": "https://www.businessinsider.com/software-engineer-job-market-hiring-skills"
    }
  ],
  "meta": {
    "component_weights": {
      "news_events": 0.35,
      "research_trends": 0.1,
      "employment_stats": 0.3,
      "job_trends": 0.25
    },
    "data_sources": {
      "news_events": "workforce_events_20250311.json",
      "research_trends": "research_trends_20250311.json",
      "employment_stats": "employment_stats_20250311.json",
      "job_trends": "job_trends_20250311.json"
    }
  }
}