{
  "timestamp": "2025-10-16T16:21:35.840843",
  "release": "release_2025_09_15",
  "target_period": "2025-08",
  "occupations": {
    "Computer and Mathematical": {
      "soc_pct": 6.097560975609757
    },
    "not_classified": {
      "soc_pct": 93.90243902439023
    },
    "Arts, Design, Entertainment, Sports, and Media": {
      "soc_pct": 5.142857142857142
    },
    "Community and Social Service": {
      "soc_pct": 2.075522228173541
    },
    "Educational Instruction and Library": {
      "soc_pct": 1.085714285714286
    },
    "Life, Physical, and Social Science": {
      "soc_pct": 4.0037493304767
    },
    "Office and Administrative Support": {
      "soc_pct": 2.7428571428571438
    },
    "Production": {
      "soc_pct": 0.5757900374933048
    },
    "Architecture and Engineering": {
      "soc_pct": 0.6159614354579539
    },
    "Sales and Related": {
      "soc_pct": 1.620246384574183
    },
    "Building and Grounds Cleaning and Maintenance": {
      "soc_pct": 0.1918465227817745
    },
    "Business and Financial Operations": {
      "soc_pct": 1.0980182110337438
    },
    "Farming, Fishing, and Forestry": {
      "soc_pct": 0.6963042313872524
    },
    "Food Preparation and Serving Related": {
      "soc_pct": 0.1895734597156398
    },
    "Healthcare Practitioners and Technical": {
      "soc_pct": 0.4418853776111408
    },
    "Installation, Maintenance, and Repair": {
      "soc_pct": 0.1220037318788574
    },
    "Legal": {
      "soc_pct": 0.2132701421800947
    },
    "Management": {
      "soc_pct": 0.2008569898232457
    },
    "Personal Care and Service": {
      "soc_pct": 0.39568345323741
    },
    "Protective Service": {
      "soc_pct": 0.3237410071942446
    },
    "Healthcare Support": {
      "soc_pct": 0.0776196636481241
    },
    "Construction and Extraction": {
      "soc_pct": 0.0701714459110907
    },
    "Transportation and Material Moving": {
      "soc_pct": 0.1834202184086056
    }
  }
}